"customer_segment","sum_total_ltv","customer_count","avg_ltv","ltv_percentage"
"3 - High-Value",135429277.26549858,12372,10946.433661938132,65.6
"2 - Mid-Value",66636451.787238546,24743,2693.143587569759,32.3
"1 - Low-Value",4341809.527328128,12372,350.9383711063796,2.1
